{
  "zod-mini": {
    "ns": 3433224,
    "size": {
      "minified": 12216,
      "gzipped": 4325
    }
  },
  "valita": {
    "ns": 2408428,
    "size": {
      "minified": 15048,
      "gzipped": 4727
    }
  },
  "effect-schema": {
    "ns": 57731627.00000012,
    "size": {
      "minified": 279251,
      "gzipped": 81881
    }
  },
  "valibot": {
    "ns": 1309636.9999998808,
    "size": {
      "minified": 4041,
      "gzipped": 1374
    }
  },
  "typebox": {
    "ns": 3948013,
    "size": {
      "minified": 54709,
      "gzipped": 13885
    }
  },
  "zod": {
    "ns": 6251484,
    "size": {
      "minified": 49778,
      "gzipped": 12756
    }
  }
}