{
  "zod-mini": {
    "ns": 3913801,
    "size": {
      "minified": 12216,
      "gzipped": 4325
    }
  },
  "valita": {
    "ns": 1916843,
    "size": {
      "minified": 15048,
      "gzipped": 4727
    }
  },
  "effect-schema": {
    "ns": 31316045,
    "size": {
      "minified": 279251,
      "gzipped": 81881
    }
  },
  "valibot": {
    "ns": 1210430.0000001192,
    "size": {
      "minified": 4041,
      "gzipped": 1374
    }
  },
  "typebox": {
    "ns": 4086693,
    "size": {
      "minified": 54709,
      "gzipped": 13885
    }
  },
  "zod": {
    "ns": 6259818.999999881,
    "size": {
      "minified": 49778,
      "gzipped": 12756
    }
  }
}