{
  "zod-mini": {
    "ns": 4529285,
    "size": {
      "minified": 12216,
      "gzipped": 4325
    }
  },
  "valita": {
    "ns": 1946493,
    "size": {
      "minified": 15048,
      "gzipped": 4727
    }
  },
  "effect-schema": {
    "ns": 31522484.99999988,
    "size": {
      "minified": 279251,
      "gzipped": 81881
    }
  },
  "valibot": {
    "ns": 1110328.9999998808,
    "size": {
      "minified": 4041,
      "gzipped": 1374
    }
  },
  "typebox": {
    "ns": 4202804,
    "size": {
      "minified": 54709,
      "gzipped": 13885
    }
  },
  "zod": {
    "ns": 6417318.000000119,
    "size": {
      "minified": 49778,
      "gzipped": 12756
    }
  }
}