{
  "web-frameworks": {
    "elysia": {
      "ns": 74041919.99999999,
      "size": {
        "minified": 325053,
        "gzipped": 85832
      }
    },
    "hono-tiny": {
      "ns": 2934179,
      "size": {
        "minified": 12726,
        "gzipped": 4773
      }
    },
    "hono-quick": {
      "ns": 3284343,
      "size": {
        "minified": 18965,
        "gzipped": 6809
      }
    },
    "itty": {
      "ns": 1819044,
      "size": {
        "minified": 3827,
        "gzipped": 1606
      }
    },
    "mapl": {
      "ns": 2440547,
      "size": {
        "minified": 5365,
        "gzipped": 2294
      }
    }
  },
  "validators/references": {
    "stnl": {
      "ns": 1655618,
      "size": {
        "minified": 2980,
        "gzipped": 1238
      }
    },
    "arktype": {
      "ns": 154136205,
      "size": {
        "minified": 166402,
        "gzipped": 48705
      }
    },
    "typebox": {
      "ns": 8540384,
      "size": {
        "minified": 93431,
        "gzipped": 21769
      }
    },
    "ajv": {
      "ns": 361759038,
      "size": {
        "minified": 118368,
        "gzipped": 33725
      }
    }
  },
  "validators/simple": {
    "zod-mini": {
      "ns": 4048479,
      "size": {
        "minified": 12216,
        "gzipped": 4325
      }
    },
    "stnl": {
      "ns": 1576573,
      "size": {
        "minified": 2513,
        "gzipped": 1041
      }
    },
    "valita": {
      "ns": 1940904,
      "size": {
        "minified": 15077,
        "gzipped": 4744
      }
    },
    "arktype": {
      "ns": 125927554,
      "size": {
        "minified": 165919,
        "gzipped": 48511
      }
    },
    "effect-schema": {
      "ns": 33067298,
      "size": {
        "minified": 279251,
        "gzipped": 81881
      }
    },
    "valibot": {
      "ns": 1191744,
      "size": {
        "minified": 4041,
        "gzipped": 1374
      }
    },
    "typebox": {
      "ns": 4053417.999999881,
      "size": {
        "minified": 54709,
        "gzipped": 13885
      }
    },
    "zod": {
      "ns": 6246235.000000119,
      "size": {
        "minified": 49778,
        "gzipped": 12756
      }
    },
    "sury": {
      "ns": 4892818.000000119,
      "size": {
        "minified": 50096,
        "gzipped": 16258
      }
    }
  }
}